ticker,name,date,obv,obv_change_20d,ad_line,ad_change_20d,mfi,vol_ratio_5d_20d,surge_count_5d,surge_count_20d,supply_demand_score,supply_demand_stage
A,A,2026-01-02 00:00:00-05:00,110260200,-3.47,47305818.76078099,-15.54,26.1,0.74,0,0,30,Distribution
AAL,AAL,2026-01-02 00:00:00-05:00,1737905300,30.81,-2652101652.5675097,6.83,61.1,0.75,0,0,75,Strong Accumulation
AAPL,AAPL,2026-01-02 00:00:00-05:00,3488536900,-0.54,6612484599.641715,-0.1,44.3,0.65,0,1,45,Neutral
ABBV,ABBV,2026-01-02 00:00:00-05:00,581974700,3.42,440470081.4655647,1.63,62.1,0.57,0,1,45,Neutral
ABNB,ABNB,2026-01-02 00:00:00-05:00,60502300,338.42,229698681.58007205,-1.88,68.2,0.62,0,0,60,Accumulation
ABT,ABT,2026-01-02 00:00:00-05:00,357282800,-3.38,298674959.9885687,-3.26,42.1,0.7,0,1,45,Neutral
ACGL,ACGL,2026-01-02 00:00:00-05:00,313216100,-1.3,105253492.33182624,4.58,85.1,0.56,0,1,50,Neutral
ACN,ACN,2026-01-02 00:00:00-05:00,65302900,-2.47,109473346.09529689,-13.17,54.5,0.68,0,0,30,Distribution
ADBE,ADBE,2026-01-02 00:00:00-05:00,-43721500,22.97,71887373.89480807,4.54,33.6,0.64,0,2,60,Accumulation
ADI,ADI,2026-01-02 00:00:00-05:00,196412200,-2.19,191819551.46464223,-7.98,55.3,0.62,0,0,35,Distribution
ADM,ADM,2026-01-02 00:00:00-05:00,133638100,-2.73,-5516771.315821261,-488.39,35.7,0.72,0,1,35,Distribution
ADP,ADP,2026-01-02 00:00:00-05:00,51272500,-18.45,134896853.92316824,-5.05,36.6,0.64,0,1,20,Strong Distribution
ADSK,ADSK,2026-01-02 00:00:00-05:00,46091600,-8.1,44935708.8295799,-9.03,49.8,0.54,0,0,25,Strong Distribution
AEE,AEE,2026-01-02 00:00:00-05:00,74232200,-2.55,75293878.73193957,-6.03,59.4,0.51,0,1,35,Distribution
AEP,AEP,2026-01-02 00:00:00-05:00,226188600,6.85,164153084.63867792,-1.16,38.3,0.98,1,2,60,Accumulation
AES,AES,2026-01-02 00:00:00-05:00,101889400,10.81,-215620494.85563335,-4.36,58.4,0.87,0,0,65,Accumulation
AFL,AFL,2026-01-02 00:00:00-05:00,312829000,-2.79,108976841.59624118,4.25,47.9,0.55,0,1,45,Neutral
AIG,AIG,2026-01-02 00:00:00-05:00,348233700,8.02,-130710887.14220527,10.16,76.6,0.39,0,2,75,Strong Accumulation
AIZ,AIZ,2026-01-02 00:00:00-05:00,48358000,7.0,8682792.58417199,17.17,79.5,0.84,0,0,80,Strong Accumulation
AJG,AJG,2026-01-02 00:00:00-05:00,93625200,12.49,60652391.80768476,7.72,63.0,0.69,0,1,70,Strong Accumulation
AKAM,AKAM,2026-01-02 00:00:00-05:00,73783700,11.37,-20305101.04923585,-16.8,58.8,0.67,0,0,45,Neutral
ALB,ALB,2026-01-02 00:00:00-05:00,106426600,23.1,-25164356.250914793,-3.0,62.2,0.73,0,1,65,Accumulation
ALGN,ALGN,2026-01-02 00:00:00-05:00,-46031500,6.1,9571273.381708302,-23.36,31.0,0.57,0,0,40,Distribution
ALL,ALL,2026-01-02 00:00:00-05:00,62299400,3.92,15548883.836797744,-8.68,34.6,0.57,0,1,35,Distribution
ALLE,ALLE,2026-01-02 00:00:00-05:00,33507500,5.08,15359472.297788594,7.6,47.2,0.44,0,1,65,Accumulation
AMAT,AMAT,2026-01-02 00:00:00-05:00,333975400,10.44,303533973.4553829,-6.77,66.6,0.56,0,1,50,Neutral
AMCR,AMCR,2026-01-02 00:00:00-05:00,-444444000,-2.32,-206037425.88923347,-11.36,44.8,0.71,0,0,35,Distribution
AMD,AMD,2026-01-02 00:00:00-05:00,2249265000,6.24,2391289231.9856763,-1.28,47.6,0.8,0,0,60,Accumulation
AME,AME,2026-01-02 00:00:00-05:00,103162900,9.15,55649652.99657454,10.39,62.0,0.58,0,1,70,Strong Accumulation
AMGN,AMGN,2026-01-02 00:00:00-05:00,52593600,36.6,124820527.29985563,-3.94,75.0,0.49,0,1,65,Accumulation
AMP,AMP,2026-01-02 00:00:00-05:00,37380400,16.18,24471250.446757197,-2.43,56.7,0.6,0,1,60,Accumulation
AMT,AMT,2026-01-02 00:00:00-05:00,-2269700,-194.97,62255164.977647565,-12.49,21.5,0.53,0,0,10,Strong Distribution
AMZN,AMZN,2026-01-02 00:00:00-05:00,4331562800,2.31,2041628738.173957,-2.77,57.3,0.75,0,1,50,Neutral
ANET,ANET,2026-01-02 00:00:00-05:00,1133327400,4.23,739821766.5340832,-1.49,57.3,0.73,0,0,50,Neutral
AON,AON,2026-01-02 00:00:00-05:00,66262900,-0.84,38401262.999988906,0.59,44.6,0.55,0,1,45,Neutral
AOS,AOS,2026-01-02 00:00:00-05:00,-20636000,14.46,-9002336.526290722,-4.61,41.9,0.73,0,0,65,Accumulation
APA,APA,2026-01-02 00:00:00-05:00,788893500,-0.48,-225249504.62660667,-9.85,54.6,0.71,0,0,40,Distribution
APD,APD,2026-01-02 00:00:00-05:00,62216600,-5.74,67087435.246141784,6.68,73.3,0.56,0,3,50,Neutral
APH,APH,2026-01-02 00:00:00-05:00,698951700,0.02,505289427.3694786,1.61,45.5,0.61,0,1,45,Neutral
APTV,APTV,2026-01-02 00:00:00-05:00,-10232400,38.94,31365186.478947215,7.88,47.7,0.6,0,1,70,Strong Accumulation
ARE,ARE,2026-01-02 00:00:00-05:00,-72651700,0.96,-56389603.881693564,3.7,54.2,0.64,0,1,45,Neutral
ATO,ATO,2026-01-02 00:00:00-05:00,127309200,4.02,61056152.22840299,-5.48,58.7,0.51,0,0,35,Distribution
AVB,AVB,2026-01-02 00:00:00-05:00,-11620100,-60.51,35187578.39070266,0.57,53.9,0.64,0,0,30,Distribution
AVGO,AVGO,2026-01-02 00:00:00-05:00,2999969500,6.78,1639095955.6931117,-0.82,42.3,0.45,0,3,55,Accumulation
AVY,AVY,2026-01-02 00:00:00-05:00,-605200,84.27,15794179.691521764,8.82,59.0,0.82,0,0,75,Strong Accumulation
AWK,AWK,2026-01-02 00:00:00-05:00,43106300,2.08,37913504.098302424,-6.97,50.8,0.44,0,0,35,Distribution
AXON,AXON,2026-01-02 00:00:00-05:00,124125600,1.84,30185786.5762645,-0.76,49.0,0.53,0,1,45,Neutral
AXP,AXP,2026-01-02 00:00:00-05:00,74677100,7.08,226334380.1860661,-0.6,28.7,0.63,0,1,50,Neutral
AZO,AZO,2026-01-02 00:00:00-05:00,12589100,-10.02,8820481.61261446,-8.36,36.8,0.61,0,1,20,Strong Distribution
BA,BA,2026-01-02 00:00:00-05:00,15554700,135.71,-956853975.7590116,0.33,84.8,0.82,0,0,70,Strong Accumulation
BAC,BAC,2026-01-02 00:00:00-05:00,752376500,8.36,775759572.2231815,-0.81,55.2,0.54,0,1,55,Accumulation
BALL,BALL,2026-01-02 00:00:00-05:00,3326700,115.21,2128409.4330801326,126.81,68.1,0.58,0,0,75,Strong Accumulation
BAX,BAX,2026-01-02 00:00:00-05:00,-94638600,20.18,-87678560.01107535,-17.69,50.6,0.67,0,0,45,Neutral
BBWI,BBWI,2026-01-02 00:00:00-05:00,-123272908,9.33,24832199.877903208,-37.48,46.5,0.92,0,0,45,Neutral
BBY,BBY,2026-01-02 00:00:00-05:00,113373100,1.59,-44329799.44282683,-27.25,26.4,0.8,0,0,30,Distribution
BDX,BDX,2026-01-02 00:00:00-05:00,-48671505,-0.42,39199905.80443943,-14.69,39.6,0.53,0,1,30,Distribution
BEN,BEN,2026-01-02 00:00:00-05:00,-97177600,14.7,-56691533.13922051,-19.07,68.2,0.87,0,0,50,Neutral
BF-B,BF-B,2026-01-02 00:00:00-05:00,-111839500,-28.22,-128331723.43952318,-29.46,20.0,0.67,0,2,10,Strong Distribution
BG,BG,2026-01-02 00:00:00-05:00,88966700,-6.65,40845557.30701425,-6.17,40.4,0.85,0,1,30,Distribution
BIIB,BIIB,2026-01-02 00:00:00-05:00,-43345600,20.36,-35973119.56225384,17.14,64.3,0.37,0,1,75,Strong Accumulation
BIO,BIO,2026-01-02 00:00:00-05:00,-4761100,-14.67,-2574132.7795696077,3.76,32.7,0.74,0,1,35,Distribution
BK,BK,2026-01-02 00:00:00-05:00,483934800,3.22,220195421.0326754,-0.48,48.0,0.67,0,1,45,Neutral
BKNG,BKNG,2026-01-02 00:00:00-05:00,4041800,79.32,760129.3546994285,136.69,64.7,0.54,0,0,75,Strong Accumulation
BKR,BKR,2026-01-02 00:00:00-05:00,435967300,1.95,306286574.22203517,-7.07,42.3,0.66,0,1,35,Distribution
BLDR,BLDR,2026-01-02 00:00:00-05:00,139805300,-6.93,-25006764.688094877,-22.8,27.9,0.63,0,0,15,Strong Distribution
BLK,BLK,2026-01-02 00:00:00-05:00,76021900,-2.15,43528834.276033975,-2.52,23.5,0.64,0,0,40,Distribution
BMY,BMY,2026-01-02 00:00:00-05:00,251965900,13.5,-472274648.7030671,-1.84,63.6,0.55,0,1,60,Accumulation
BR,BR,2026-01-02 00:00:00-05:00,11246800,-30.38,38757564.39836422,-6.35,28.4,0.53,0,1,15,Strong Distribution
BRK-B,BRK-B,2026-01-02 00:00:00-05:00,227906900,-5.39,173550098.8860091,-3.19,57.1,0.76,0,1,40,Distribution
BRO,BRO,2026-01-02 00:00:00-05:00,33261900,-25.66,83238319.39007486,-7.47,32.3,0.75,0,1,25,Strong Distribution
BSX,BSX,2026-01-02 00:00:00-05:00,539581700,-4.16,329188124.7924062,-8.41,47.1,0.49,0,0,35,Distribution
BWA,BWA,2026-01-02 00:00:00-05:00,52910829,-34.6,63037932.203817874,-29.12,84.6,0.35,0,1,20,Strong Distribution
BX,BX,2026-01-02 00:00:00-05:00,215833700,0.48,230460002.3723914,-2.53,48.7,0.51,0,1,45,Neutral
BXP,BXP,2026-01-02 00:00:00-05:00,568600,-91.77,32348612.384752538,-4.56,26.3,0.7,0,1,30,Distribution
C,C,2026-01-02 00:00:00-05:00,244287900,230.97,219876864.77157167,15.82,75.2,0.65,0,1,80,Strong Accumulation
CAG,CAG,2026-01-02 00:00:00-05:00,-299755700,4.07,-155752801.01421878,-9.93,38.2,0.87,0,1,40,Distribution
CAH,CAH,2026-01-02 00:00:00-05:00,297203300,3.7,228930760.80334365,1.64,66.8,0.52,0,0,45,Neutral
CARR,CARR,2026-01-02 00:00:00-05:00,215943100,-1.38,236159582.5920384,-4.71,33.8,0.42,0,0,45,Neutral
CAT,CAT,2026-01-02 00:00:00-05:00,177601900,-0.55,159452506.93402112,-4.07,36.5,0.7,0,0,50,Neutral
CB,CB,2026-01-02 00:00:00-05:00,147889600,4.66,36379833.00767055,26.01,42.7,0.49,0,0,60,Accumulation
CBOE,CBOE,2026-01-02 00:00:00-05:00,49953300,-2.48,12542099.706570948,-23.48,48.4,0.57,0,0,30,Distribution
CBRE,CBRE,2026-01-02 00:00:00-05:00,49110400,4.38,68749036.57835625,-1.54,37.1,0.55,0,1,45,Neutral
CCI,CCI,2026-01-02 00:00:00-05:00,45134800,1.27,61569622.773493,-1.29,25.6,0.71,0,0,45,Neutral
CCL,CCL,2026-01-02 00:00:00-05:00,782739000,21.99,201211053.89120692,52.5,73.6,0.58,0,1,80,Strong Accumulation
CDNS,CDNS,2026-01-02 00:00:00-05:00,88501800,-8.56,101487153.29303512,-7.95,24.2,0.72,0,1,25,Strong Distribution
CDW,CDW,2026-01-02 00:00:00-05:00,12496700,-63.75,17154756.957997546,-24.05,7.2,0.54,0,1,10,Strong Distribution
CE,CE,2026-01-02 00:00:00-05:00,-12564600,19.75,-40904160.08259105,-3.0,51.6,0.69,0,0,60,Accumulation
CEG,CEG,2026-01-02 00:00:00-05:00,202427500,-0.64,72937065.23821305,-9.99,37.1,0.63,0,1,35,Distribution
CF,CF,2026-01-02 00:00:00-05:00,157067600,-0.72,39660210.36505051,-11.84,40.9,0.75,0,1,35,Distribution
CFG,CFG,2026-01-02 00:00:00-05:00,33191500,295.33,99547553.08366472,-0.3,55.0,0.65,0,1,60,Accumulation
CHD,CHD,2026-01-02 00:00:00-05:00,100388200,11.45,39835893.45226683,-17.4,38.0,0.58,0,0,45,Neutral
CHRW,CHRW,2026-01-02 00:00:00-05:00,74330000,7.33,21921066.35540611,18.01,60.1,0.52,0,1,70,Strong Accumulation
CHTR,CHTR,2026-01-02 00:00:00-05:00,-69327800,-6.81,-108249412.88849019,-6.26,36.4,0.72,0,1,30,Distribution
CI,CI,2026-01-02 00:00:00-05:00,86768900,-5.43,-11343480.699798046,11.07,45.7,0.64,0,1,50,Neutral
CINF,CINF,2026-01-02 00:00:00-05:00,18368000,1.45,-2245224.0139620765,4.39,34.2,0.83,0,0,50,Neutral
CL,CL,2026-01-02 00:00:00-05:00,212499200,8.4,38756513.22613974,-13.61,64.1,0.55,0,0,40,Distribution
CLX,CLX,2026-01-02 00:00:00-05:00,36128800,-5.86,-41431380.54718006,-25.05,39.1,0.86,0,0,25,Strong Distribution
CMCSA,CMCSA,2026-01-02 00:00:00-05:00,-19600600,88.35,-708863.4119613413,99.17,60.1,0.52,0,2,75,Strong Accumulation
CME,CME,2026-01-02 00:00:00-05:00,141317900,-0.6,97459121.13206509,1.58,32.0,0.61,0,1,45,Neutral
CMG,CMG,2026-01-02 00:00:00-05:00,586022800,14.7,696934711.0960027,1.49,53.4,0.62,0,1,60,Accumulation
CMI,CMI,2026-01-02 00:00:00-05:00,95736700,-2.07,14877850.374797458,-13.23,46.7,0.54,0,0,30,Distribution
CMS,CMS,2026-01-02 00:00:00-05:00,213298900,1.0,111102776.8296463,-7.31,54.0,0.82,0,1,40,Distribution
CNC,CNC,2026-01-02 00:00:00-05:00,-38207700,10.82,-253511155.50285798,-2.51,71.3,0.68,0,0,65,Accumulation
CNP,CNP,2026-01-02 00:00:00-05:00,247828900,-4.69,21388393.48421967,-31.06,72.2,0.61,0,1,35,Distribution
COF,COF,2026-01-02 00:00:00-05:00,211554800,14.77,91209420.23639315,2.68,68.9,0.65,0,0,60,Accumulation
COO,COO,2026-01-02 00:00:00-05:00,-3357900,75.8,14098750.37790324,-47.36,47.3,0.58,0,1,45,Neutral
COP,COP,2026-01-02 00:00:00-05:00,-202038000,-11.44,-276271530.3436521,-3.44,37.4,0.69,0,0,30,Distribution
COR,COR,2026-01-02 00:00:00-05:00,124704000,4.28,108865210.80665025,0.61,42.9,0.52,0,0,45,Neutral
COST,COST,2026-01-02 00:00:00-05:00,81333200,-27.87,207334636.8625716,2.64,17.2,0.58,0,1,25,Strong Distribution
CPAY,CPAY,2026-01-02 00:00:00-05:00,23608800,-3.87,1685245.6591603253,-37.97,50.0,0.73,0,1,35,Distribution
CPB,CPB,2026-01-02 00:00:00-05:00,-266049600,-10.3,-126598649.15224463,-32.75,50.7,0.54,0,2,15,Strong Distribution
CPRT,CPRT,2026-01-02 00:00:00-05:00,47006100,-39.65,134020056.86282822,-17.61,52.6,0.77,0,1,20,Strong Distribution
CPT,CPT,2026-01-02 00:00:00-05:00,67256400,16.4,41126098.47884464,9.51,64.5,0.67,0,0,70,Strong Accumulation
CRL,CRL,2026-01-02 00:00:00-05:00,-17319200,9.01,35782782.858594656,-0.14,49.4,0.57,0,0,55,Accumulation
CRM,CRM,2026-01-02 00:00:00-05:00,377842200,8.67,375881291.2073443,2.02,51.3,0.57,0,2,55,Accumulation
CSCO,CSCO,2026-01-02 00:00:00-05:00,1256223600,1.94,1470732805.2246358,-1.87,47.7,0.72,0,1,50,Neutral
CSGP,CSGP,2026-01-02 00:00:00-05:00,6957400,293.5,64441086.64501398,3.71,67.4,0.76,0,2,65,Accumulation
CSX,CSX,2026-01-02 00:00:00-05:00,-36150200,39.66,-227956605.75162145,0.82,22.8,0.72,0,1,60,Accumulation
CTAS,CTAS,2026-01-02 00:00:00-05:00,180075600,-4.07,89083353.5449761,-8.84,46.9,0.48,0,1,35,Distribution
CTRA,CTRA,2026-01-02 00:00:00-05:00,182463900,-2.65,-188422219.99303204,-7.39,41.1,0.84,0,0,40,Distribution
CTSH,CTSH,2026-01-02 00:00:00-05:00,120437000,27.66,133184661.69895642,5.45,57.0,0.59,0,1,70,Strong Accumulation
CTVA,CTVA,2026-01-02 00:00:00-05:00,79217900,-7.36,180517572.77939636,-1.92,57.7,0.56,0,1,35,Distribution
CVS,CVS,2026-01-02 00:00:00-05:00,161485300,13.67,110625957.95492652,-2.77,50.4,0.57,0,0,60,Accumulation
CVX,CVX,2026-01-02 00:00:00-05:00,545018500,-0.18,198398954.94972005,-6.02,45.3,0.65,0,1,35,Distribution
CZR,CZR,2026-01-02 00:00:00-05:00,-119612100,13.16,-269493433.64707345,1.56,56.7,0.6,0,0,60,Accumulation
D,D,2026-01-02 00:00:00-05:00,42179500,-20.38,34485061.71490096,-0.37,59.6,0.66,0,1,30,Distribution
DAL,DAL,2026-01-02 00:00:00-05:00,-349333300,5.73,372766853.3979046,5.69,57.1,0.56,0,0,65,Accumulation
DAY,DAY,2026-01-02 00:00:00-05:00,49522700,27.54,63070947.39569539,-7.26,70.8,0.51,0,2,55,Accumulation
DD,DD,2026-01-02 00:00:00-05:00,-172662164,7.45,-179783172.94444367,-4.08,50.5,0.7,0,1,55,Accumulation
DE,DE,2026-01-02 00:00:00-05:00,37594200,-16.05,8622254.838153942,-40.17,30.8,0.64,0,0,15,Strong Distribution
DECK,DECK,2026-01-02 00:00:00-05:00,142816100,4.4,44467035.809437625,30.56,56.8,0.76,0,0,65,Accumulation
DG,DG,2026-01-02 00:00:00-05:00,-116333100,19.43,25269818.20892081,105.22,74.3,0.53,0,2,80,Strong Accumulation
DGX,DGX,2026-01-02 00:00:00-05:00,62364100,-5.57,37633691.200135976,-3.54,34.5,0.7,0,0,35,Distribution
DHI,DHI,2026-01-02 00:00:00-05:00,108376300,-20.4,75101559.6834931,-11.04,36.0,0.53,0,0,15,Strong Distribution
DHR,DHR,2026-01-02 00:00:00-05:00,87852211,13.0,81887936.51933849,-0.02,31.5,0.49,0,0,60,Accumulation
DIS,DIS,2026-01-02 00:00:00-05:00,-526045300,5.04,164439599.91540694,0.49,67.6,0.67,0,0,55,Accumulation
DLR,DLR,2026-01-02 00:00:00-05:00,76441900,-2.0,114287183.1359051,-0.24,41.4,0.65,0,1,45,Neutral
DLTR,DLTR,2026-01-02 00:00:00-05:00,9348500,-15.57,-26772850.606210183,13.08,41.7,0.65,0,0,45,Neutral
DOC,DOC,2026-01-02 00:00:00-05:00,-46350500,3.9,-42578086.15551045,-1262.38,43.7,0.81,0,0,35,Distribution
DOV,DOV,2026-01-02 00:00:00-05:00,12380800,31.0,12904072.758404871,-6.3,41.8,0.71,0,1,55,Accumulation
DOW,DOW,2026-01-02 00:00:00-05:00,-351953100,4.6,-410347494.880023,-4.58,56.3,0.84,0,0,50,Neutral
DPZ,DPZ,2026-01-02 00:00:00-05:00,14742500,-2.62,-6494747.711649652,-26.22,32.7,0.59,0,0,30,Distribution
DRI,DRI,2026-01-02 00:00:00-05:00,54133600,-1.28,61940419.99533076,1.94,54.6,0.69,0,2,45,Neutral
DTE,DTE,2026-01-02 00:00:00-05:00,131665444,5.29,34319960.00601749,-15.37,46.3,0.54,0,0,40,Distribution
DUK,DUK,2026-01-02 00:00:00-05:00,228054400,4.46,135140018.6337108,-3.68,57.2,0.64,0,0,45,Neutral
DVA,DVA,2026-01-02 00:00:00-05:00,17483000,-9.89,18894639.789027806,-7.53,26.9,0.78,0,0,25,Strong Distribution
DVN,DVN,2026-01-02 00:00:00-05:00,161948200,-1.94,93268472.25815096,-28.73,41.3,0.77,0,1,35,Distribution
DXCM,DXCM,2026-01-02 00:00:00-05:00,225483700,14.29,52660663.65583675,-15.29,48.1,0.5,0,0,45,Neutral
EA,EA,2026-01-02 00:00:00-05:00,183650800,8.6,69221721.22902532,-8.28,44.6,0.65,0,1,45,Neutral
EBAY,EBAY,2026-01-02 00:00:00-05:00,335044200,7.01,159804251.19842556,1.56,74.2,0.81,0,1,65,Accumulation
ECL,ECL,2026-01-02 00:00:00-05:00,198851600,1.46,69625538.33115675,4.59,40.4,0.67,0,0,45,Neutral
ED,ED,2026-01-02 00:00:00-05:00,35215700,17.31,8581624.648658283,-2.84,72.6,0.64,0,0,65,Accumulation
EFX,EFX,2026-01-02 00:00:00-05:00,12174800,1.83,15223153.191040196,0.15,37.6,0.58,0,1,45,Neutral
EG,EG,2026-01-02 00:00:00-05:00,14785700,7.78,-5254837.754661912,8.19,71.4,0.68,0,1,70,Strong Accumulation
EIX,EIX,2026-01-02 00:00:00-05:00,72854400,26.31,62277295.3497105,-2.6,74.9,0.84,0,1,70,Strong Accumulation
EL,EL,2026-01-02 00:00:00-05:00,-151538100,3.0,-63754215.90252797,-18.4,58.7,0.6,0,0,30,Distribution
ELV,ELV,2026-01-02 00:00:00-05:00,-4137200,-233.66,6772532.288266134,84.31,48.4,0.61,0,1,45,Neutral
EMN,EMN,2026-01-02 00:00:00-05:00,-63545200,0.23,-10094225.12277099,5.13,52.0,0.57,0,0,55,Accumulation
EMR,EMR,2026-01-02 00:00:00-05:00,151473100,3.17,172377779.07970604,-2.5,47.1,0.68,0,1,45,Neutral
ENPH,ENPH,2026-01-02 00:00:00-05:00,76934600,76.55,-228779286.12267834,-6.21,48.0,0.74,0,0,55,Accumulation
EOG,EOG,2026-01-02 00:00:00-05:00,-70804600,-27.18,22029555.368651472,-39.2,41.6,0.76,0,1,20,Strong Distribution
EPAM,EPAM,2026-01-02 00:00:00-05:00,32787000,11.85,10543579.299992332,-1.42,44.5,0.6,0,1,60,Accumulation
EQIX,EQIX,2026-01-02 00:00:00-05:00,12455500,-3.26,23961934.5914529,7.48,49.5,0.64,0,0,55,Accumulation
EQR,EQR,2026-01-02 00:00:00-05:00,30966700,11.81,62783393.06114537,-4.73,65.5,0.67,0,0,60,Accumulation
EQT,EQT,2026-01-02 00:00:00-05:00,323214200,-10.94,392946593.2614555,-6.59,34.3,0.67,0,0,20,Strong Distribution
ES,ES,2026-01-02 00:00:00-05:00,108152900,-3.89,82282780.47504938,-1.6,58.4,0.58,0,0,45,Neutral
ESS,ESS,2026-01-02 00:00:00-05:00,32542200,-4.47,19637563.583738122,-7.81,57.6,0.69,0,1,35,Distribution
ETN,ETN,2026-01-02 00:00:00-05:00,80949600,0.96,133602160.27316731,-5.82,40.1,0.63,0,2,35,Distribution
ETR,ETR,2026-01-02 00:00:00-05:00,219923100,-1.48,220867273.0323044,-4.21,50.9,0.6,0,1,45,Neutral
ETSY,ETSY,2026-01-02 00:00:00-05:00,52892700,53.46,17151952.639419366,-40.39,57.5,0.86,0,0,50,Neutral
EVRG,EVRG,2026-01-02 00:00:00-05:00,232674900,1.94,107003588.26235273,-5.53,43.8,0.7,0,1,35,Distribution
EW,EW,2026-01-02 00:00:00-05:00,46459400,38.75,142408634.5501885,-1.92,60.8,0.56,0,0,60,Accumulation
EXC,EXC,2026-01-02 00:00:00-05:00,267113828,-4.25,417276360.32405514,-3.53,53.1,0.56,0,0,45,Neutral
EXPD,EXPD,2026-01-02 00:00:00-05:00,42786700,1.32,54954346.33283568,1.82,60.4,0.56,0,1,45,Neutral
EXPE,EXPE,2026-01-02 00:00:00-05:00,48747000,23.16,64913093.10261437,-0.22,49.5,0.64,0,0,60,Accumulation
EXR,EXR,2026-01-02 00:00:00-05:00,-29094200,1.55,26307073.669475578,0.56,39.9,0.66,0,1,45,Neutral
F,F,2026-01-02 00:00:00-05:00,-76137400,60.64,-380912972.393646,-0.21,46.4,0.66,0,0,60,Accumulation
FANG,FANG,2026-01-02 00:00:00-05:00,159789400,-1.52,25181304.217926882,-17.89,32.8,0.76,0,1,35,Distribution
FAST,FAST,2026-01-02 00:00:00-05:00,375475500,1.84,615434128.5244486,-2.03,48.0,0.71,0,1,50,Neutral
FCX,FCX,2026-01-02 00:00:00-05:00,153829300,406.91,754171053.2744974,2.45,72.2,0.83,0,0,70,Strong Accumulation
FDS,FDS,2026-01-02 00:00:00-05:00,17136100,27.68,-1457143.5637721005,42.46,48.8,0.57,0,2,75,Strong Accumulation
FDX,FDX,2026-01-02 00:00:00-05:00,146966000,10.9,6675138.096841809,458.87,54.1,0.6,0,2,75,Strong Accumulation
FE,FE,2026-01-02 00:00:00-05:00,184682900,1.57,179756941.85325488,-9.01,57.2,0.64,0,1,35,Distribution
FFIV,FFIV,2026-01-02 00:00:00-05:00,48162000,7.65,34996812.32874271,-6.0,56.2,0.82,0,1,50,Neutral
FI,FI,2026-01-02 00:00:00-05:00,-138411275,15.89,12942816.3667392,-20.6,43.1,0.47,0,2,45,Neutral
FICO,FICO,2026-01-02 00:00:00-05:00,11986800,-8.51,1356305.1128556472,-26.16,23.9,0.82,0,1,20,Strong Distribution
FIS,FIS,2026-01-02 00:00:00-05:00,21033100,-6.4,88865088.75976607,-5.4,46.7,0.64,0,0,25,Strong Distribution
FITB,FITB,2026-01-02 00:00:00-05:00,-102025900,-30.87,166804615.4309686,-12.03,60.4,0.7,0,0,20,Strong Distribution
FMC,FMC,2026-01-02 00:00:00-05:00,-278021400,2.72,-145391804.8801855,-5.04,56.1,0.73,0,0,40,Distribution
FOX,FOX,2026-01-02 00:00:00-05:00,-16092000,48.74,-22599227.24814195,0.05,78.8,0.63,0,1,65,Accumulation
FOXA,FOXA,2026-01-02 00:00:00-05:00,190091300,27.59,952209.1353600573,824.32,73.5,0.53,0,1,80,Strong Accumulation
FRT,FRT,2026-01-02 00:00:00-05:00,5022800,15.04,4972753.1157143125,-18.26,54.9,0.7,0,1,50,Neutral
FSLR,FSLR,2026-01-02 00:00:00-05:00,123985600,2.75,26944708.06230584,11.47,47.3,0.57,0,0,60,Accumulation
FTNT,FTNT,2026-01-02 00:00:00-05:00,613926700,-0.69,820535249.8456633,0.82,41.8,0.71,0,1,50,Neutral
FTV,FTV,2026-01-02 00:00:00-05:00,12413145,239.41,24157150.875027116,106.9,39.5,0.69,0,1,75,Strong Accumulation
GD,GD,2026-01-02 00:00:00-05:00,98711500,-2.77,22093984.301743772,-9.04,61.0,0.6,0,1,35,Distribution
GDDY,GDDY,2026-01-02 00:00:00-05:00,148019700,-0.97,73424974.61533444,-5.97,49.8,0.72,0,1,40,Distribution
GE,GE,2026-01-02 00:00:00-05:00,798899992,3.5,13892678.758743985,65.63,69.6,0.63,0,0,60,Accumulation
GEHC,GEHC,2026-01-02 00:00:00-05:00,33058400,112.13,96892142.02530524,-3.98,44.2,0.67,0,0,60,Accumulation
GEN,GEN,2026-01-02 00:00:00-05:00,172920100,-13.91,203963493.60512388,-0.45,36.3,0.62,0,1,30,Distribution
GEV,GEV,2026-01-02 00:00:00-05:00,81547400,21.33,90347625.27235627,2.82,56.4,0.49,0,1,60,Accumulation
GILD,GILD,2026-01-02 00:00:00-05:00,535577100,1.95,430232125.3856176,-2.13,67.4,0.48,0,1,45,Neutral
GIS,GIS,2026-01-02 00:00:00-05:00,3925200,-67.47,-16709121.837471956,-542.36,50.0,0.76,0,1,20,Strong Distribution
GL,GL,2026-01-02 00:00:00-05:00,67329000,4.03,-13057498.209388478,0.78,59.5,0.8,0,1,50,Neutral
GLW,GLW,2026-01-02 00:00:00-05:00,561577400,6.83,329344536.0367653,-1.21,50.5,0.49,0,1,55,Accumulation
GM,GM,2026-01-02 00:00:00-05:00,1028428300,6.01,-72848799.57071954,25.85,73.2,0.52,0,1,75,Strong Accumulation
GNRC,GNRC,2026-01-02 00:00:00-05:00,4154600,-48.13,1828909.046451085,-79.56,6.7,0.62,0,3,10,Strong Distribution
GOOG,GOOG,2026-01-02 00:00:00-05:00,3046265300,0.08,1279665126.0532098,3.92,52.0,0.67,0,0,45,Neutral
GOOGL,GOOGL,2026-01-02 00:00:00-05:00,4069257300,1.33,1850224545.5673785,4.68,52.4,0.65,0,0,45,Neutral
GPC,GPC,2026-01-02 00:00:00-05:00,38369900,-12.67,27989904.53450283,-9.48,14.0,0.65,0,0,15,Strong Distribution
GPN,GPN,2026-01-02 00:00:00-05:00,-66227700,-56.6,-126255356.69826484,-10.58,16.8,0.9,0,1,15,Strong Distribution
GRMN,GRMN,2026-01-02 00:00:00-05:00,74670700,-6.31,75004610.3888108,-2.07,14.4,0.59,0,1,30,Distribution
GS,GS,2026-01-02 00:00:00-05:00,122545800,13.15,87248357.93607356,-2.08,50.9,0.82,0,1,65,Accumulation
GWW,GWW,2026-01-02 00:00:00-05:00,15024000,0.16,11846202.506396318,3.8,56.7,0.68,0,1,45,Neutral
HAL,HAL,2026-01-02 00:00:00-05:00,353411600,12.72,-67104964.946422234,10.28,51.5,0.53,0,1,75,Strong Accumulation
HAS,HAS,2026-01-02 00:00:00-05:00,85163400,-4.85,37707098.255623624,-7.31,31.5,0.71,0,0,40,Distribution
HBAN,HBAN,2026-01-02 00:00:00-05:00,-217768100,16.32,772115223.0982463,-1.23,50.8,0.56,0,0,60,Accumulation
HCA,HCA,2026-01-02 00:00:00-05:00,123750600,-1.24,29526850.31842077,28.69,50.2,0.48,0,1,60,Accumulation
HD,HD,2026-01-02 00:00:00-05:00,69642800,-15.89,208952577.70093983,-3.79,35.0,0.62,0,1,30,Distribution
HIG,HIG,2026-01-02 00:00:00-05:00,112307600,13.51,35967454.880602635,13.13,67.4,0.52,0,1,75,Strong Accumulation
HII,HII,2026-01-02 00:00:00-05:00,23552300,13.94,-4950050.904141758,14.13,63.0,0.74,0,1,80,Strong Accumulation
HLT,HLT,2026-01-02 00:00:00-05:00,71733900,7.39,68043786.33916593,5.43,62.3,0.75,0,1,70,Strong Accumulation
HOLX,HOLX,2026-01-02 00:00:00-05:00,116681300,1.04,-6322115.718031998,-269.82,31.9,0.53,0,1,30,Distribution
HON,HON,2026-01-02 00:00:00-05:00,108451136,14.37,20810277.397524,9.82,56.4,0.59,0,0,70,Strong Accumulation
HPE,HPE,2026-01-02 00:00:00-05:00,1489178800,6.47,610887516.6776539,25.8,30.9,0.47,0,0,70,Strong Accumulation
HPQ,HPQ,2026-01-02 00:00:00-05:00,643166900,-11.94,-168323318.89456066,-35.29,18.1,0.93,0,0,15,Strong Distribution
HRL,HRL,2026-01-02 00:00:00-05:00,-21823200,-396.91,-16558817.079483006,-290.56,43.0,0.67,0,0,15,Strong Distribution
HSIC,HSIC,2026-01-02 00:00:00-05:00,20290000,62.65,-10486512.792912744,16.64,50.0,0.66,0,0,75,Strong Accumulation
HST,HST,2026-01-02 00:00:00-05:00,71016000,220.06,-51414748.2297059,28.35,52.7,0.67,0,0,75,Strong Accumulation
HSY,HSY,2026-01-02 00:00:00-05:00,47659900,7.1,-15216183.961767264,8.05,69.9,0.82,0,1,70,Strong Accumulation
HUBB,HUBB,2026-01-02 00:00:00-05:00,7377318,9.51,13819115.852224674,-4.22,44.1,0.62,0,1,55,Accumulation
HUM,HUM,2026-01-02 00:00:00-05:00,15536400,18.41,3459240.8913531364,-46.39,46.4,0.64,0,0,45,Neutral
HWM,HWM,2026-01-02 00:00:00-05:00,405185856,0.95,263047311.76557168,1.13,53.7,0.64,0,0,45,Neutral
IBM,IBM,2026-01-02 00:00:00-05:00,241776172,3.42,310765653.02226764,-4.37,55.0,0.97,0,1,50,Neutral
ICE,ICE,2026-01-02 00:00:00-05:00,62878100,13.81,120358114.81869827,-4.67,48.2,0.49,0,0,60,Accumulation
IDXX,IDXX,2026-01-02 00:00:00-05:00,25541000,-2.4,37232365.181992464,-3.49,21.2,0.67,0,1,40,Distribution
IEX,IEX,2026-01-02 00:00:00-05:00,1217000,-37.72,-9852623.878244646,-15.22,50.7,0.63,0,1,15,Strong Distribution
IFF,IFF,2026-01-02 00:00:00-05:00,-56349600,22.0,7862191.031331846,732.69,95.9,0.56,0,1,80,Strong Accumulation
ILMN,ILMN,2026-01-02 00:00:00-05:00,-21743982,27.72,61548120.186584204,7.57,45.3,0.55,0,1,70,Strong Accumulation
INCY,INCY,2026-01-02 00:00:00-05:00,124933000,0.14,146299779.58070308,4.39,56.3,0.67,0,1,45,Neutral
INTC,INTC,2026-01-02 00:00:00-05:00,1087854500,11.7,-2091206725.277651,-19.53,43.8,0.79,0,0,50,Neutral
INTU,INTU,2026-01-02 00:00:00-05:00,61189300,2.24,89637536.88810815,-2.57,63.9,0.72,0,1,50,Neutral
INVH,INVH,2026-01-02 00:00:00-05:00,-154359800,1.01,128967990.43513246,0.18,52.8,0.64,0,0,45,Neutral
IP,IP,2026-01-02 00:00:00-05:00,21644594,-41.47,248977083.94731504,-2.6,53.7,0.64,0,0,30,Distribution
IPG,IPG,2025-11-26 00:00:00-05:00,29007264,-81.67,-14912456.139226936,-127.08,24.6,2.38,2,2,25,Strong Distribution
IQV,IQV,2026-01-02 00:00:00-05:00,-3015700,-99.1,64023793.144146055,0.43,40.4,0.42,0,2,30,Distribution
IR,IR,2026-01-02 00:00:00-05:00,-44770500,-9.73,-7844519.7456411375,-60.72,33.1,0.55,0,1,20,Strong Distribution
IRM,IRM,2026-01-02 00:00:00-05:00,268319200,0.93,147653538.1211647,3.32,44.1,0.7,0,1,45,Neutral
ISRG,ISRG,2026-01-02 00:00:00-05:00,177636200,-1.0,150870648.04228926,2.53,58.3,0.57,0,1,45,Neutral
IT,IT,2026-01-02 00:00:00-05:00,41859800,19.0,20762150.41278411,8.52,76.3,0.68,0,1,75,Strong Accumulation
ITW,ITW,2026-01-02 00:00:00-05:00,19759200,-2.93,48415131.82624747,0.62,50.8,0.83,0,1,50,Neutral
IVZ,IVZ,2026-01-02 00:00:00-05:00,421595700,5.03,214590671.53691596,-0.03,50.0,0.58,0,1,55,Accumulation
J,J,2026-01-02 00:00:00-05:00,41885007,-9.6,43109446.18983364,-7.43,40.0,0.5,0,0,25,Strong Distribution
JBHT,JBHT,2026-01-02 00:00:00-05:00,-7609300,22.71,1241406.1671589452,-52.28,44.6,0.55,0,0,45,Neutral
JBL,JBL,2026-01-02 00:00:00-05:00,128763800,8.84,20043194.436501913,4.45,53.7,0.53,0,1,55,Accumulation
JCI,JCI,2026-01-02 00:00:00-05:00,631069400,9.01,229545933.3238268,6.94,69.5,0.49,0,1,65,Accumulation
JKHY,JKHY,2026-01-02 00:00:00-05:00,28504200,8.81,25716722.200205773,-0.94,30.0,0.65,0,1,55,Accumulation
JNJ,JNJ,2026-01-02 00:00:00-05:00,-111417400,-18.7,354952399.3216348,-2.36,23.5,0.53,0,1,25,Strong Distribution
JPM,JPM,2026-01-02 00:00:00-05:00,318300400,9.99,265965566.10065076,-1.44,60.3,0.69,0,3,55,Accumulation
K,K,2025-12-10 00:00:00-05:00,176953026,-9.55,77431458.17901114,-20.5,37.4,2.38,1,3,35,Distribution
KDP,KDP,2026-01-02 00:00:00-05:00,-15557700,8.7,201578310.75893435,-12.97,13.2,0.48,0,0,35,Distribution
KEY,KEY,2026-01-02 00:00:00-05:00,40473500,133.95,383961150.66632664,-4.78,48.1,0.62,0,1,60,Accumulation
KEYS,KEYS,2026-01-02 00:00:00-05:00,45720700,12.19,45388174.38250229,-5.31,47.1,0.57,0,0,50,Neutral
KHC,KHC,2026-01-02 00:00:00-05:00,150447500,81.22,306214437.8243995,-13.86,52.9,0.92,0,0,50,Neutral
KIM,KIM,2026-01-02 00:00:00-05:00,-2701600,79.03,36055864.948350005,-33.16,53.5,0.67,0,0,45,Neutral
KKR,KKR,2026-01-02 00:00:00-05:00,154222500,-5.14,277496916.6089132,-4.55,13.6,0.55,0,0,30,Distribution
KLAC,KLAC,2026-01-02 00:00:00-05:00,85004300,8.35,74833864.8770372,-4.83,62.0,0.7,0,1,55,Accumulation
KMB,KMB,2026-01-02 00:00:00-05:00,-111836600,-17.25,-80811739.84779808,-44.52,32.5,0.64,0,0,15,Strong Distribution
KMI,KMI,2026-01-02 00:00:00-05:00,177444000,-2.09,363346000.5312385,-5.89,63.6,0.75,0,0,40,Distribution
KMX,KMX,2026-01-02 00:00:00-05:00,-157263300,-15.77,6957958.943493836,103.33,34.6,0.62,0,2,45,Neutral
KO,KO,2026-01-02 00:00:00-05:00,884625900,-4.18,373978330.5590546,-10.89,26.8,0.58,0,0,25,Strong Distribution
KR,KR,2026-01-02 00:00:00-05:00,497170100,-5.6,-52307090.94548548,-90.82,43.8,0.63,0,1,20,Strong Distribution
KVUE,KVUE,2026-01-02 00:00:00-05:00,-299774400,3.65,-1153433155.3740633,-15.65,46.8,0.61,0,0,30,Distribution
L,L,2026-01-02 00:00:00-05:00,46895500,-0.78,6802360.809110006,26.86,62.1,0.6,0,0,60,Accumulation
LDOS,LDOS,2026-01-02 00:00:00-05:00,55055300,-5.61,48906612.72359351,0.69,48.7,0.63,0,1,35,Distribution
LEN,LEN,2026-01-02 00:00:00-05:00,40694796,-56.51,34183760.83976944,-35.99,16.6,0.5,0,0,10,Strong Distribution
LH,LH,2026-01-02 00:00:00-05:00,58752665,-4.15,43557888.35408501,-1.8,18.5,0.61,0,1,40,Distribution
LHX,LHX,2026-01-02 00:00:00-05:00,-5613200,36.18,900350.6940763826,192.47,48.0,0.58,0,0,75,Strong Accumulation
LIN,LIN,2026-01-02 00:00:00-05:00,33763900,183.16,95381761.69052207,6.08,88.6,0.55,0,0,75,Strong Accumulation
LKQ,LKQ,2026-01-02 00:00:00-05:00,46925700,946.24,-5507240.885852442,-263.53,20.1,0.35,0,1,40,Distribution
LLY,LLY,2026-01-02 00:00:00-05:00,377645400,4.24,183355059.31327572,3.09,63.8,0.55,0,0,45,Neutral
LMT,LMT,2026-01-02 00:00:00-05:00,61441700,16.31,-18392939.374426275,29.64,56.4,0.68,0,0,75,Strong Accumulation
LNT,LNT,2026-01-02 00:00:00-05:00,110364600,2.36,85760588.6458644,-5.99,43.2,0.63,0,0,35,Distribution
LOW,LOW,2026-01-02 00:00:00-05:00,363912100,-0.15,24335460.814027183,-18.81,37.4,0.65,0,0,30,Distribution
LRCX,LRCX,2026-01-02 00:00:00-05:00,854992500,10.87,515297990.02199024,4.25,68.0,0.68,0,1,60,Accumulation
LULU,LULU,2026-01-02 00:00:00-05:00,45936300,190.17,-71486869.50164671,-18.99,55.7,0.41,0,4,45,Neutral
LUV,LUV,2026-01-02 00:00:00-05:00,385961800,42.4,-69065749.14184912,7.2,67.7,0.52,0,4,70,Strong Accumulation
LVS,LVS,2026-01-02 00:00:00-05:00,53239800,-34.71,-115209412.1691477,-25.98,47.8,0.69,0,1,15,Strong Distribution
LW,LW,2026-01-02 00:00:00-05:00,16392200,-72.08,-49616134.58415925,-222.65,24.1,0.82,0,4,15,Strong Distribution
LYB,LYB,2026-01-02 00:00:00-05:00,-161040500,7.87,-125187117.7553818,-5.76,53.8,0.83,0,0,50,Neutral
LYV,LYV,2026-01-02 00:00:00-05:00,94716300,-1.98,133798643.97368169,2.99,59.0,0.58,0,0,45,Neutral
MA,MA,2026-01-02 00:00:00-05:00,85198700,8.37,153667022.95377252,-0.26,55.9,0.71,0,1,60,Accumulation
MAA,MAA,2026-01-02 00:00:00-05:00,461200,199.74,26955763.7186618,-2.58,64.2,0.76,0,1,65,Accumulation
MAR,MAR,2026-01-02 00:00:00-05:00,10443300,116.43,74686381.67679463,3.38,71.6,0.59,0,0,65,Accumulation
MAS,MAS,2026-01-02 00:00:00-05:00,22075200,-29.85,17799904.794895407,-0.18,37.6,0.52,0,0,30,Distribution
MCD,MCD,2026-01-02 00:00:00-05:00,87190600,-12.48,176530315.5464111,-4.67,37.6,0.64,0,0,30,Distribution
MCHP,MCHP,2026-01-02 00:00:00-05:00,67452800,67.21,32637005.206001952,-33.35,36.6,0.65,0,0,45,Neutral
MCK,MCK,2026-01-02 00:00:00-05:00,57115800,0.73,109242549.30393401,-0.59,59.7,0.53,0,0,45,Neutral
MCO,MCO,2026-01-02 00:00:00-05:00,69480300,2.02,44664794.61986222,-4.11,82.0,0.65,0,1,50,Neutral
MDLZ,MDLZ,2026-01-02 00:00:00-05:00,198055900,-34.15,129269824.30719653,-26.91,60.0,0.6,0,1,15,Strong Distribution
MDT,MDT,2026-01-02 00:00:00-05:00,218971700,-12.05,206226862.43882692,-11.66,34.6,0.82,0,0,20,Strong Distribution
MET,MET,2026-01-02 00:00:00-05:00,230322300,-5.5,-42539315.08647716,-18.58,26.6,0.65,0,0,15,Strong Distribution
META,META,2026-01-02 00:00:00-05:00,906417600,-3.88,112431004.24584931,-30.55,38.5,0.59,0,1,30,Distribution
MGM,MGM,2026-01-02 00:00:00-05:00,-78071500,5.28,-282027835.8485759,-1.72,36.7,0.82,0,0,60,Accumulation
MHK,MHK,2026-01-02 00:00:00-05:00,-38277800,-66.39,2189936.9767397107,-24.73,20.2,0.41,0,1,10,Strong Distribution
MKC,MKC,2026-01-02 00:00:00-05:00,41517100,17.26,44531311.456858754,4.12,52.3,0.78,0,0,65,Accumulation
MKTX,MKTX,2026-01-02 00:00:00-05:00,-26446800,4.98,-15376974.91187519,-4.47,55.5,0.51,0,1,45,Neutral
MLM,MLM,2026-01-02 00:00:00-05:00,20716800,0.79,17224600.945985347,2.48,58.3,0.76,0,0,50,Neutral
MMC,MMC,2026-01-02 00:00:00-05:00,172536200,-8.85,101990453.6980067,-3.02,47.5,0.55,0,1,35,Distribution
MMM,MMM,2026-01-02 00:00:00-05:00,-29885750,-13.81,78225585.9284932,-5.54,50.6,0.67,0,0,20,Strong Distribution
MNST,MNST,2026-01-02 00:00:00-05:00,387480300,10.35,193166365.935943,3.92,72.7,0.66,0,1,65,Accumulation
MO,MO,2026-01-02 00:00:00-05:00,607128600,0.97,117301385.42475572,-21.76,38.7,0.87,0,1,35,Distribution
MOH,MOH,2026-01-02 00:00:00-05:00,18002900,3303.36,4832254.73083039,2440.48,69.8,0.94,0,0,80,Strong Accumulation
MOS,MOS,2026-01-02 00:00:00-05:00,148931000,-4.73,139467005.4230497,-9.41,45.6,0.65,0,0,35,Distribution
MPC,MPC,2026-01-02 00:00:00-05:00,304273600,-2.65,54138092.3402773,-12.16,7.7,0.62,0,1,25,Strong Distribution
MPWR,MPWR,2026-01-02 00:00:00-05:00,31074000,29.16,27379905.456196062,-25.86,62.6,0.52,0,1,45,Neutral
MRK,MRK,2026-01-02 00:00:00-05:00,331245878,42.51,90264086.69283429,81.73,84.1,0.55,0,1,80,Strong Accumulation
MRNA,MRNA,2026-01-02 00:00:00-05:00,484222800,19.87,455220101.3684491,9.96,64.7,0.71,0,1,75,Strong Accumulation
MS,MS,2026-01-02 00:00:00-05:00,438013200,3.05,294175474.1997679,-5.13,42.5,0.59,0,0,35,Distribution
MSCI,MSCI,2026-01-02 00:00:00-05:00,14795600,54.79,15867754.239840526,5.27,78.4,0.52,0,1,75,Strong Accumulation
MSFT,MSFT,2026-01-02 00:00:00-05:00,1495001300,3.85,2135998003.74097,1.86,58.3,0.67,0,1,45,Neutral
MSI,MSI,2026-01-02 00:00:00-05:00,53573800,-11.1,22910330.10645592,1.73,41.3,0.64,0,1,30,Distribution
MTB,MTB,2026-01-02 00:00:00-05:00,32077700,17.7,14415176.328489695,-1.92,61.5,0.69,0,1,60,Accumulation
MTCH,MTCH,2026-01-02 00:00:00-05:00,-280487400,-4.07,-85537162.17895356,-9.25,50.4,0.87,0,1,40,Distribution
MTD,MTD,2026-01-02 00:00:00-05:00,9337700,3.27,4032718.3911975413,4.09,57.2,0.59,0,1,45,Neutral
MU,MU,2026-01-02 00:00:00-05:00,1363462000,8.81,530564961.4920995,4.52,72.1,0.9,0,2,65,Accumulation
NCLH,NCLH,2026-01-02 00:00:00-05:00,542062400,33.66,119250636.87552212,24.44,70.7,0.49,0,0,80,Strong Accumulation
NDAQ,NDAQ,2026-01-02 00:00:00-05:00,269593700,10.26,170463400.0604286,8.55,73.4,0.64,0,1,75,Strong Accumulation
NDSN,NDSN,2026-01-02 00:00:00-05:00,15983100,26.52,10304758.639601678,-10.69,67.8,0.47,0,3,45,Neutral
NEE,NEE,2026-01-02 00:00:00-05:00,176571300,-27.18,169882301.2638711,-25.85,38.8,0.56,0,1,15,Strong Distribution
NEM,NEM,2026-01-02 00:00:00-05:00,276795600,23.21,432703038.05756706,5.97,78.5,0.73,0,1,80,Strong Accumulation
NFLX,NFLX,2026-01-02 00:00:00-05:00,1433229500,-15.95,3216565594.0425415,-6.57,36.5,0.56,0,2,20,Strong Distribution
NI,NI,2026-01-02 00:00:00-05:00,467587100,0.82,263732840.00417134,-4.69,53.5,0.74,0,0,50,Neutral
NKE,NKE,2026-01-02 00:00:00-05:00,-316252800,-38.25,-313863677.6302385,-20.83,36.4,0.9,0,2,20,Strong Distribution
NOC,NOC,2026-01-02 00:00:00-05:00,47014700,1.93,14089431.872978088,6.82,54.6,0.64,0,0,55,Accumulation
NOW,NOW,2026-01-02 00:00:00-05:00,640440000,-0.6,425938206.90305525,-2.41,53.3,0.65,0,2,45,Neutral
NRG,NRG,2026-01-02 00:00:00-05:00,334375600,2.9,122314439.32670517,-4.89,53.2,0.62,0,2,45,Neutral
NSC,NSC,2026-01-02 00:00:00-05:00,34795000,-12.33,-33930150.62956943,-8.15,33.7,0.62,0,0,20,Strong Distribution
NTAP,NTAP,2026-01-02 00:00:00-05:00,118647400,-7.91,117245294.88616227,-2.71,20.4,0.73,0,0,35,Distribution
NTRS,NTRS,2026-01-02 00:00:00-05:00,35087100,13.86,52487128.59797317,3.87,57.9,0.58,0,1,60,Accumulation
NUE,NUE,2026-01-02 00:00:00-05:00,93045800,-3.98,-31020557.816057526,9.18,35.0,0.79,0,1,60,Accumulation
NVDA,NVDA,2026-01-02 00:00:00-05:00,53853355700,0.27,46286569119.967865,0.57,68.9,0.77,0,0,50,Neutral
NVR,NVR,2026-01-02 00:00:00-05:00,328000,-28.73,-360371.3177531404,-51.63,23.4,0.74,0,1,15,Strong Distribution
NWS,NWS,2026-01-02 00:00:00-05:00,60939900,21.91,7005825.60265032,-22.36,59.3,0.53,0,2,45,Neutral
NWSA,NWSA,2026-01-02 00:00:00-05:00,114100500,4.94,-44620784.7242287,-7.26,39.5,0.73,0,1,40,Distribution
NXPI,NXPI,2026-01-02 00:00:00-05:00,156912000,3.0,34540418.67831199,-33.98,46.2,0.73,0,1,35,Distribution
O,O,2026-01-02 00:00:00-05:00,-76282381,-5.85,-176778598.69369316,-21.49,40.6,0.83,0,1,25,Strong Distribution
ODFL,ODFL,2026-01-02 00:00:00-05:00,85974400,-0.26,5820985.33512235,-11.36,30.9,0.58,0,0,30,Distribution
OKE,OKE,2026-01-02 00:00:00-05:00,188547500,-9.11,148961359.39703232,-10.7,38.8,0.64,0,0,20,Strong Distribution
OMC,OMC,2026-01-02 00:00:00-05:00,40912500,13150.24,-15908558.243674042,30.9,61.1,0.63,0,0,75,Strong Accumulation
ON,ON,2026-01-02 00:00:00-05:00,124449600,32.33,57716657.37439776,51.84,58.2,0.51,0,1,75,Strong Accumulation
ORCL,ORCL,2026-01-02 00:00:00-05:00,1263992600,3.55,76098590.90849183,585.62,54.0,0.4,0,2,60,Accumulation
ORLY,ORLY,2026-01-02 00:00:00-05:00,826225600,-5.84,57444533.265907235,-34.55,29.9,0.65,0,1,15,Strong Distribution
OTIS,OTIS,2026-01-02 00:00:00-05:00,167897400,0.46,88984657.3566982,-0.21,55.2,0.63,0,1,45,Neutral
OXY,OXY,2026-01-02 00:00:00-05:00,522188800,-6.56,-233256575.45218736,-3.28,47.4,0.97,0,0,40,Distribution
PANW,PANW,2026-01-02 00:00:00-05:00,1004495900,0.1,583975047.4182302,-2.84,50.3,0.69,0,1,45,Neutral
PAYC,PAYC,2026-01-02 00:00:00-05:00,23975300,-16.05,16577891.640816165,-13.81,30.4,0.87,0,1,20,Strong Distribution
PAYX,PAYX,2026-01-02 00:00:00-05:00,12441700,-45.55,105739793.99461065,-2.18,31.9,0.58,0,1,30,Distribution
PCAR,PCAR,2026-01-02 00:00:00-05:00,119807900,-4.51,124093630.59439433,-0.61,48.4,0.6,0,1,45,Neutral
PCG,PCG,2026-01-02 00:00:00-05:00,986118600,4.7,918219731.2199869,-1.65,82.4,0.56,0,0,50,Neutral
PEG,PEG,2026-01-02 00:00:00-05:00,254222100,-3.48,157883099.53212842,-8.31,44.9,0.53,0,1,35,Distribution
PEP,PEP,2026-01-02 00:00:00-05:00,224155500,-15.07,236227222.11170992,-9.02,32.3,0.72,0,2,25,Strong Distribution
PFE,PFE,2026-01-02 00:00:00-05:00,-332035247,11.99,-933256723.8410915,-22.22,52.2,0.65,0,1,45,Neutral
PFG,PFG,2026-01-02 00:00:00-05:00,-4384700,-184.09,65267273.941997446,-2.13,35.4,0.62,0,1,30,Distribution
PG,PG,2026-01-02 00:00:00-05:00,467317100,-0.84,125012866.30747265,-31.79,39.4,0.62,0,0,30,Distribution
PGR,PGR,2026-01-02 00:00:00-05:00,142674600,-4.1,215081570.01297346,5.97,47.2,0.8,0,0,60,Accumulation
PH,PH,2026-01-02 00:00:00-05:00,40520100,4.79,27651635.600816134,1.65,59.9,0.55,0,1,45,Neutral
PHM,PHM,2026-01-02 00:00:00-05:00,203001400,-10.17,85435862.72349276,-3.31,16.6,0.68,0,1,25,Strong Distribution
PKG,PKG,2026-01-02 00:00:00-05:00,10831800,-6.82,25709739.18128766,10.17,73.5,0.55,0,2,55,Accumulation
PLD,PLD,2026-01-02 00:00:00-05:00,175592900,-0.32,68635658.47385088,-17.88,28.9,0.71,0,1,30,Distribution
PM,PM,2026-01-02 00:00:00-05:00,632341500,0.52,482390050.60127413,-0.75,70.3,0.56,0,1,50,Neutral
PNC,PNC,2026-01-02 00:00:00-05:00,53742400,12.75,89150970.33878349,-4.91,68.6,0.72,0,1,65,Accumulation
PNR,PNR,2026-01-02 00:00:00-05:00,121213900,1.7,70737783.80757983,1.0,44.2,0.56,0,1,45,Neutral
PNW,PNW,2026-01-02 00:00:00-05:00,37683700,0.24,24967047.61125085,-1.67,61.2,0.76,0,0,50,Neutral
PODD,PODD,2026-01-02 00:00:00-05:00,42153600,-9.07,22636177.74163374,-19.62,31.4,0.62,0,0,20,Strong Distribution
POOL,POOL,2026-01-02 00:00:00-05:00,893800,-78.15,5078043.402302698,-41.72,23.7,0.94,0,0,15,Strong Distribution
PPG,PPG,2026-01-02 00:00:00-05:00,22120300,-5.4,-64822173.95127692,-9.13,50.9,0.82,0,0,30,Distribution
PPL,PPL,2026-01-02 00:00:00-05:00,332204800,8.01,168030271.6537274,-3.14,65.4,0.57,0,0,55,Accumulation
PRU,PRU,2026-01-02 00:00:00-05:00,8346900,-49.43,20190806.909649488,6.22,24.3,0.61,0,0,35,Distribution
PSA,PSA,2026-01-02 00:00:00-05:00,13126900,-39.54,33618065.20184834,-15.97,29.0,0.69,0,1,10,Strong Distribution
PSX,PSX,2026-01-02 00:00:00-05:00,85628300,-7.34,-61641980.431958824,-4.88,18.4,0.64,0,1,30,Distribution
PTC,PTC,2026-01-02 00:00:00-05:00,10410900,-14.94,70515378.92849624,0.63,39.9,0.64,0,1,30,Distribution
PWR,PWR,2026-01-02 00:00:00-05:00,95249800,0.37,55430473.63196155,-5.37,34.3,0.6,0,0,35,Distribution
PYPL,PYPL,2026-01-02 00:00:00-05:00,-522827000,-12.41,-360562153.7362948,-15.72,43.3,0.79,0,0,20,Strong Distribution
QCOM,QCOM,2026-01-02 00:00:00-05:00,396926100,13.72,392618963.0210525,-5.94,42.5,0.57,0,1,50,Neutral
QRVO,QRVO,2026-01-02 00:00:00-05:00,44381900,-7.04,5047489.093664469,-49.39,13.2,0.7,0,1,20,Strong Distribution
RCL,RCL,2026-01-02 00:00:00-05:00,247879500,2.77,164458631.38162693,0.26,67.9,0.5,0,0,45,Neutral
REG,REG,2026-01-02 00:00:00-05:00,-9503200,7.71,40206578.77281629,3.05,64.4,0.65,0,1,55,Accumulation
REGN,REGN,2026-01-02 00:00:00-05:00,42068200,6.07,17488218.508245822,17.98,60.8,0.5,0,1,70,Strong Accumulation
RF,RF,2026-01-02 00:00:00-05:00,89463100,127.08,216613369.25134823,-5.68,46.1,0.66,0,0,50,Neutral
RJF,RJF,2026-01-02 00:00:00-05:00,95442800,0.2,97298368.67085846,-2.68,45.3,0.64,0,1,45,Neutral
RL,RL,2026-01-02 00:00:00-05:00,26051500,-1.1,21140150.62830368,-10.84,44.5,0.67,0,0,30,Distribution
RMD,RMD,2026-01-02 00:00:00-05:00,59100600,2.67,33037252.596067414,-2.61,46.7,0.71,0,1,50,Neutral
ROK,ROK,2026-01-02 00:00:00-05:00,41482600,1.55,47174277.96668571,-1.54,37.9,0.59,0,0,45,Neutral
ROL,ROL,2026-01-02 00:00:00-05:00,119048000,-9.43,119329738.82671371,-3.76,49.5,0.81,0,1,40,Distribution
ROP,ROP,2026-01-02 00:00:00-05:00,44232100,-1.55,22956546.54103597,-8.1,51.7,0.49,0,5,35,Distribution
ROST,ROST,2026-01-02 00:00:00-05:00,25054600,-7.75,-13638130.99068378,34.21,30.3,0.64,0,0,50,Neutral
RSG,RSG,2026-01-02 00:00:00-05:00,130259000,-3.1,75260885.64869669,-2.59,33.3,0.63,0,1,45,Neutral
RTX,RTX,2026-01-02 00:00:00-05:00,173459275,24.31,196521794.8707187,3.53,63.7,0.53,0,1,60,Accumulation
RVTY,RVTY,2026-01-02 00:00:00-05:00,15870800,-34.54,26760387.186994575,-9.71,28.0,0.59,0,0,15,Strong Distribution
SBAC,SBAC,2026-01-02 00:00:00-05:00,23129900,-5.11,20639560.597256094,2.07,33.9,0.61,0,0,35,Distribution
SBUX,SBUX,2026-01-02 00:00:00-05:00,-162260000,1.81,336491679.54228354,-10.84,39.5,0.7,0,0,35,Distribution
SCHW,SCHW,2026-01-02 00:00:00-05:00,-243381400,15.14,410851699.14954716,8.35,67.7,0.63,0,1,70,Strong Accumulation
SHW,SHW,2026-01-02 00:00:00-05:00,25168300,-19.36,13068723.1965965,-28.96,40.7,0.68,0,1,15,Strong Distribution
SJM,SJM,2026-01-02 00:00:00-05:00,1886000,-39.71,168598.5699429619,-97.58,31.1,0.9,0,0,20,Strong Distribution
SLB,SLB,2026-01-02 00:00:00-05:00,-186491200,-2.01,15841802.487417176,-58.59,38.5,0.61,0,0,30,Distribution
SMCI,SMCI,2026-01-02 00:00:00-05:00,1644986600,-6.58,203099756.99130335,-11.57,29.8,1.04,0,0,20,Strong Distribution
SNA,SNA,2026-01-02 00:00:00-05:00,5157200,33.28,5314184.066203544,-3.28,38.0,0.76,0,2,65,Accumulation
SNPS,SNPS,2026-01-02 00:00:00-05:00,49056000,53.02,55619814.3349897,-0.49,55.4,0.55,0,1,60,Accumulation
SO,SO,2026-01-02 00:00:00-05:00,133069100,-9.66,293710802.79583865,-6.3,55.6,0.57,0,0,25,Strong Distribution
SOLV,SOLV,2026-01-02 00:00:00-05:00,-47429500,-2.25,-3586673.4734667544,-131.41,42.8,0.57,0,1,30,Distribution
SPG,SPG,2026-01-02 00:00:00-05:00,172284200,-0.45,-10221780.000038888,-27.59,47.8,0.59,0,1,30,Distribution
SPGI,SPGI,2026-01-02 00:00:00-05:00,62301300,21.18,72271390.6564249,4.71,63.7,0.72,0,0,65,Accumulation
SRE,SRE,2026-01-02 00:00:00-05:00,29826300,60.98,47799044.18010454,-5.07,38.3,0.54,0,0,50,Neutral
STE,STE,2026-01-02 00:00:00-05:00,24969800,-2.09,38838517.57500782,-1.38,56.9,0.69,0,1,45,Neutral
STLD,STLD,2026-01-02 00:00:00-05:00,99982000,0.19,37345907.59163715,5.74,51.9,0.57,0,1,55,Accumulation
STT,STT,2026-01-02 00:00:00-05:00,150732900,13.37,42631461.78540322,22.96,47.9,0.78,0,1,80,Strong Accumulation
STX,STX,2026-01-02 00:00:00-05:00,250094500,10.36,149423468.03719494,-9.67,55.9,0.49,0,1,50,Neutral
STZ,STZ,2026-01-02 00:00:00-05:00,-17934500,-45.01,-7331154.569541153,17.89,33.6,0.76,0,0,50,Neutral
SWK,SWK,2026-01-02 00:00:00-05:00,-140456400,-2.89,-32901091.52862705,-9.0,30.5,0.61,0,0,35,Distribution
SWKS,SWKS,2026-01-02 00:00:00-05:00,-54308300,-17.86,10519710.798856076,-51.84,20.3,0.8,0,1,15,Strong Distribution
SYF,SYF,2026-01-02 00:00:00-05:00,191890100,4.16,254342787.14464852,2.4,45.3,0.49,0,1,45,Neutral
SYK,SYK,2026-01-02 00:00:00-05:00,38781500,-0.79,109064555.26582095,-5.62,43.2,0.76,0,0,40,Distribution
SYY,SYY,2026-01-02 00:00:00-05:00,4046000,-75.1,-43124518.11487166,-30.47,34.3,0.68,0,0,15,Strong Distribution
T,T,2026-01-02 00:00:00-05:00,888385292,-20.26,-486921668.6591632,-55.15,57.8,0.7,0,1,15,Strong Distribution
TAP,TAP,2026-01-02 00:00:00-05:00,56686400,47.42,-31246773.31993683,9.3,67.2,0.8,0,0,75,Strong Accumulation
TDG,TDG,2026-01-02 00:00:00-05:00,22921200,1.46,7317093.189005632,4.13,41.8,0.63,0,1,45,Neutral
TDY,TDY,2026-01-02 00:00:00-05:00,13426600,1.69,2949714.584107938,-0.45,37.2,0.67,0,0,45,Neutral
TECH,TECH,2026-01-02 00:00:00-05:00,50964600,-2.68,66880067.51941123,-7.28,50.1,0.63,0,0,35,Distribution
TEL,TEL,2026-01-02 00:00:00-05:00,104576900,10.51,39294638.43968142,10.19,44.0,0.51,0,1,75,Strong Accumulation
TER,TER,2026-01-02 00:00:00-05:00,40017400,29.96,125408154.95805311,-0.76,52.4,0.68,0,1,60,Accumulation
TFC,TFC,2026-01-02 00:00:00-05:00,-12229100,71.01,312995038.0232406,4.11,63.1,0.7,0,0,65,Accumulation
TFX,TFX,2026-01-02 00:00:00-05:00,-20234100,-2.4,-2371711.0791883515,-246.95,45.4,0.54,0,1,30,Distribution
TGT,TGT,2026-01-02 00:00:00-05:00,-328687700,12.34,-95616354.92164664,7.86,49.9,0.96,0,0,75,Strong Accumulation
TJX,TJX,2026-01-02 00:00:00-05:00,434317800,-0.37,49219795.835277624,-8.03,45.0,0.68,0,0,35,Distribution
TMO,TMO,2026-01-02 00:00:00-05:00,29490200,-3.97,33821984.721997716,24.03,46.4,0.66,0,1,60,Accumulation
TMUS,TMUS,2026-01-02 00:00:00-05:00,268351800,-2.08,257781331.45869288,-9.65,53.9,0.64,0,1,35,Distribution
TPR,TPR,2026-01-02 00:00:00-05:00,468189000,3.85,131288073.42677079,6.71,54.9,0.65,0,0,55,Accumulation
TRGP,TRGP,2026-01-02 00:00:00-05:00,284615800,1.87,208745130.98602304,0.83,37.3,0.48,0,1,45,Neutral
TRMB,TRMB,2026-01-02 00:00:00-05:00,170527400,-1.91,140935147.5380873,-3.02,36.2,0.91,0,1,50,Neutral
TROW,TROW,2026-01-02 00:00:00-05:00,28577000,-21.24,6527697.949026357,-29.64,50.0,0.68,0,1,15,Strong Distribution
TRV,TRV,2026-01-02 00:00:00-05:00,133937700,-0.75,51309629.56775233,3.02,61.5,0.58,0,0,45,Neutral
TSCO,TSCO,2026-01-02 00:00:00-05:00,452588900,-5.97,369427040.4766477,-4.59,37.9,0.94,0,0,40,Distribution
TSLA,TSLA,2026-01-02 00:00:00-05:00,18104813500,-0.39,10248006492.822807,-2.37,44.7,0.85,0,0,50,Neutral
TSN,TSN,2026-01-02 00:00:00-05:00,-49138800,20.75,-10738038.705756545,55.75,59.8,0.64,0,0,75,Strong Accumulation
TT,TT,2026-01-02 00:00:00-05:00,156216670,4.85,84643618.33782518,-0.6,61.2,0.62,0,1,45,Neutral
TTWO,TTWO,2026-01-02 00:00:00-05:00,126801700,2.41,65159328.49773764,-3.15,73.5,0.77,0,1,55,Accumulation
TXN,TXN,2026-01-02 00:00:00-05:00,108924200,-5.01,264025459.10873857,-10.97,29.3,0.68,0,1,15,Strong Distribution
TXT,TXT,2026-01-02 00:00:00-05:00,70740100,14.78,17693837.68661198,33.04,64.9,0.8,0,0,80,Strong Accumulation
TYL,TYL,2026-01-02 00:00:00-05:00,1980200,84.91,8244211.798276897,-2.82,63.5,0.54,0,1,60,Accumulation
UAL,UAL,2026-01-02 00:00:00-05:00,-59335000,35.2,123264945.23693757,15.52,59.6,0.58,0,0,75,Strong Accumulation
UBER,UBER,2026-01-02 00:00:00-05:00,522444000,-14.72,581860006.5856804,-11.22,42.7,0.54,0,1,15,Strong Distribution
UDR,UDR,2026-01-02 00:00:00-05:00,-22683900,16.5,46980524.909241356,4.08,65.8,0.83,0,1,65,Accumulation
UHS,UHS,2026-01-02 00:00:00-05:00,28309000,-5.31,32035621.002275307,4.0,46.5,0.92,0,0,40,Distribution
ULTA,ULTA,2026-01-02 00:00:00-05:00,14695900,11.24,-25890326.30215864,2.98,67.4,0.45,0,3,60,Accumulation
UNH,UNH,2026-01-02 00:00:00-05:00,78384900,-28.19,120980026.6276091,-7.62,50.7,0.82,0,0,25,Strong Distribution
UNP,UNP,2026-01-02 00:00:00-05:00,64116400,4.62,-28688898.316900305,5.73,39.0,0.66,0,0,55,Accumulation
UPS,UPS,2026-01-02 00:00:00-05:00,-150403700,6.89,-64689530.42335878,21.04,32.6,0.68,0,1,70,Strong Accumulation
URI,URI,2026-01-02 00:00:00-05:00,34732300,6.68,31247847.57013006,-1.43,53.1,0.5,0,0,55,Accumulation
USB,USB,2026-01-02 00:00:00-05:00,-62116200,53.46,386538812.79031867,0.38,72.2,0.7,0,1,70,Strong Accumulation
V,V,2026-01-02 00:00:00-05:00,363674800,1.59,120866245.75561048,6.82,54.5,0.59,0,1,55,Accumulation
VICI,VICI,2026-01-02 00:00:00-05:00,-64644100,-31.01,40458411.1314853,37.52,36.0,0.5,0,0,45,Neutral
VLO,VLO,2026-01-02 00:00:00-05:00,-50319400,-10.32,-17445749.921789285,17.12,52.2,0.87,0,1,50,Neutral
VLTO,VLTO,2026-01-02 00:00:00-05:00,18443100,-34.15,19629081.45861092,31.9,46.6,0.64,0,1,45,Neutral
VMC,VMC,2026-01-02 00:00:00-05:00,63842000,7.73,34896507.357407615,-1.77,52.4,0.74,0,1,60,Accumulation
VRSK,VRSK,2026-01-02 00:00:00-05:00,59656600,-10.24,70883949.2719806,-3.86,46.1,0.88,0,1,35,Distribution
VRSN,VRSN,2026-01-02 00:00:00-05:00,38405900,-6.33,35576337.81251705,-2.61,39.0,0.59,0,0,35,Distribution
VRTX,VRTX,2026-01-02 00:00:00-05:00,119485500,0.73,47300845.81750018,1.9,70.0,0.53,0,1,45,Neutral
VST,VST,2026-01-02 00:00:00-05:00,243768000,-3.02,93893111.09254742,-16.48,52.9,0.6,0,0,30,Distribution
VTR,VTR,2026-01-02 00:00:00-05:00,179219500,-3.83,104861704.11534171,-7.99,39.6,0.62,0,1,35,Distribution
VTRS,VTRS,2026-01-02 00:00:00-05:00,40498800,253.24,30515593.818719853,1321.44,89.3,0.72,0,1,85,Strong Accumulation
VZ,VZ,2026-01-02 00:00:00-05:00,-590579600,-22.48,-387348381.0858644,-43.96,46.3,0.76,0,0,20,Strong Distribution
WAB,WAB,2026-01-02 00:00:00-05:00,64320200,2.52,89373825.19456786,2.12,50.4,0.61,0,1,45,Neutral
WAT,WAT,2026-01-02 00:00:00-05:00,-6986400,-22.44,12838177.225336853,15.68,16.0,0.57,0,1,40,Distribution
WBD,WBD,2026-01-02 00:00:00-05:00,2052547400,30.55,610559428.9247967,13.69,49.2,0.32,0,2,75,Strong Accumulation
WDC,WDC,2026-01-02 00:00:00-05:00,588316963,8.43,44973163.40017581,7.17,52.7,0.64,0,1,65,Accumulation
WEC,WEC,2026-01-02 00:00:00-05:00,41123700,-5.23,73424477.09620866,-9.51,44.7,0.67,0,1,25,Strong Distribution
WELL,WELL,2026-01-02 00:00:00-05:00,179260800,-13.71,53114906.26783639,-30.33,33.8,0.48,0,1,15,Strong Distribution
WFC,WFC,2026-01-02 00:00:00-05:00,809307800,11.3,207934980.1877773,7.18,67.8,0.58,0,1,70,Strong Accumulation
WM,WM,2026-01-02 00:00:00-05:00,121186900,-0.25,95377724.45730494,-2.64,54.3,0.65,0,1,45,Neutral
WMB,WMB,2026-01-02 00:00:00-05:00,551082200,-6.1,499097365.9283258,-3.59,49.2,0.6,0,0,35,Distribution
WMT,WMT,2026-01-02 00:00:00-05:00,880579100,-3.57,370626424.1855239,-7.94,29.1,0.6,0,1,30,Distribution
WRB,WRB,2026-01-02 00:00:00-05:00,201163375,-0.71,43479065.927607365,-16.11,77.2,0.65,0,2,35,Distribution
WST,WST,2026-01-02 00:00:00-05:00,29825700,8.53,25374708.365199964,6.88,57.2,0.61,0,1,65,Accumulation
WTW,WTW,2026-01-02 00:00:00-05:00,16594700,7.85,479381.45072771923,133.32,70.1,0.51,0,1,75,Strong Accumulation
WY,WY,2026-01-02 00:00:00-05:00,129734400,23.76,8897938.059247833,-36.02,41.2,0.56,0,0,45,Neutral
WYNN,WYNN,2026-01-02 00:00:00-05:00,-109087200,-1.81,-31156577.00631803,-31.28,44.2,0.79,0,0,35,Distribution
XEL,XEL,2026-01-02 00:00:00-05:00,208332800,4.22,173921359.42872924,-8.83,54.9,0.61,0,2,35,Distribution
XOM,XOM,2026-01-02 00:00:00-05:00,375516700,18.14,-124215728.45949185,-4.22,62.6,0.75,0,1,65,Accumulation
XYL,XYL,2026-01-02 00:00:00-05:00,8074200,-33.41,48804742.779497705,-4.85,44.4,0.52,0,0,30,Distribution
YUM,YUM,2026-01-02 00:00:00-05:00,93384600,-1.05,37547185.3068788,-15.59,55.4,0.73,0,0,35,Distribution
ZBH,ZBH,2026-01-02 00:00:00-05:00,-54662169,-18.63,-14420396.679073593,-30.01,37.9,0.53,0,1,15,Strong Distribution
ZBRA,ZBRA,2026-01-02 00:00:00-05:00,-11622400,-46.34,8835337.24872588,-18.53,11.5,0.91,0,1,15,Strong Distribution
ZTS,ZTS,2026-01-02 00:00:00-05:00,-5878400,67.94,-49564634.213385694,-66.55,73.8,0.58,0,1,50,Neutral
